{
  "spec/sudoku2_spec.rb": 3.8322410583496094,
  "spec/sudoku_spec.rb": 3.898545742034912
}